"filename", "language", "TypeScript", "JavaScript", "comment", "blank", "total"
"/home/monia/Dokumenty/dokumenty-obrazy/Dokumenty/JAVA-NINJA-CODE-UDEMY/REACT/learning-firebase/fireclub-typescript/struktura-mid-club-management-nowy/KSB-node-typescript/wandalmt/src/app.ts", "TypeScript", 54, 0, 6, 8, 68
"/home/monia/Dokumenty/dokumenty-obrazy/Dokumenty/JAVA-NINJA-CODE-UDEMY/REACT/learning-firebase/fireclub-typescript/struktura-mid-club-management-nowy/KSB-node-typescript/wandalmt/src/controllers/admin.ts", "TypeScript", 0, 0, 304, 52, 356
"/home/monia/Dokumenty/dokumenty-obrazy/Dokumenty/JAVA-NINJA-CODE-UDEMY/REACT/learning-firebase/fireclub-typescript/struktura-mid-club-management-nowy/KSB-node-typescript/wandalmt/src/controllers/admin/chapterControllers.ts", "TypeScript", 361, 0, 26, 57, 444
"/home/monia/Dokumenty/dokumenty-obrazy/Dokumenty/JAVA-NINJA-CODE-UDEMY/REACT/learning-firebase/fireclub-typescript/struktura-mid-club-management-nowy/KSB-node-typescript/wandalmt/src/controllers/admin/productsController.ts", "TypeScript", 163, 0, 63, 30, 256
"/home/monia/Dokumenty/dokumenty-obrazy/Dokumenty/JAVA-NINJA-CODE-UDEMY/REACT/learning-firebase/fireclub-typescript/struktura-mid-club-management-nowy/KSB-node-typescript/wandalmt/src/controllers/admin/resourceControllers.ts", "TypeScript", 168, 0, 211, 60, 439
"/home/monia/Dokumenty/dokumenty-obrazy/Dokumenty/JAVA-NINJA-CODE-UDEMY/REACT/learning-firebase/fireclub-typescript/struktura-mid-club-management-nowy/KSB-node-typescript/wandalmt/src/controllers/admin/usersController.ts", "TypeScript", 64, 0, 7, 13, 84
"/home/monia/Dokumenty/dokumenty-obrazy/Dokumenty/JAVA-NINJA-CODE-UDEMY/REACT/learning-firebase/fireclub-typescript/struktura-mid-club-management-nowy/KSB-node-typescript/wandalmt/src/controllers/authController.ts", "TypeScript", 324, 0, 48, 56, 428
"/home/monia/Dokumenty/dokumenty-obrazy/Dokumenty/JAVA-NINJA-CODE-UDEMY/REACT/learning-firebase/fireclub-typescript/struktura-mid-club-management-nowy/KSB-node-typescript/wandalmt/src/controllers/bunnyWebhook.ts", "TypeScript", 135, 0, 12, 27, 174
"/home/monia/Dokumenty/dokumenty-obrazy/Dokumenty/JAVA-NINJA-CODE-UDEMY/REACT/learning-firebase/fireclub-typescript/struktura-mid-club-management-nowy/KSB-node-typescript/wandalmt/src/controllers/emailController.ts", "TypeScript", 233, 0, 4, 21, 258
"/home/monia/Dokumenty/dokumenty-obrazy/Dokumenty/JAVA-NINJA-CODE-UDEMY/REACT/learning-firebase/fireclub-typescript/struktura-mid-club-management-nowy/KSB-node-typescript/wandalmt/src/controllers/public/productsControllers.ts", "TypeScript", 40, 0, 6, 6, 52
"/home/monia/Dokumenty/dokumenty-obrazy/Dokumenty/JAVA-NINJA-CODE-UDEMY/REACT/learning-firebase/fireclub-typescript/struktura-mid-club-management-nowy/KSB-node-typescript/wandalmt/src/controllers/public/resourceControllers.ts", "TypeScript", 18, 0, 3, 2, 23
"/home/monia/Dokumenty/dokumenty-obrazy/Dokumenty/JAVA-NINJA-CODE-UDEMY/REACT/learning-firebase/fireclub-typescript/struktura-mid-club-management-nowy/KSB-node-typescript/wandalmt/src/controllers/user.ts", "TypeScript", 48, 0, 3, 7, 58
"/home/monia/Dokumenty/dokumenty-obrazy/Dokumenty/JAVA-NINJA-CODE-UDEMY/REACT/learning-firebase/fireclub-typescript/struktura-mid-club-management-nowy/KSB-node-typescript/wandalmt/src/db.ts", "TypeScript", 12, 0, 0, 3, 15
"/home/monia/Dokumenty/dokumenty-obrazy/Dokumenty/JAVA-NINJA-CODE-UDEMY/REACT/learning-firebase/fireclub-typescript/struktura-mid-club-management-nowy/KSB-node-typescript/wandalmt/src/middleware/auth.ts", "TypeScript", 78, 0, 10, 13, 101
"/home/monia/Dokumenty/dokumenty-obrazy/Dokumenty/JAVA-NINJA-CODE-UDEMY/REACT/learning-firebase/fireclub-typescript/struktura-mid-club-management-nowy/KSB-node-typescript/wandalmt/src/middleware/tokenRefreshMiddleware.js", "JavaScript", 0, 37, 9, 14, 60
"/home/monia/Dokumenty/dokumenty-obrazy/Dokumenty/JAVA-NINJA-CODE-UDEMY/REACT/learning-firebase/fireclub-typescript/struktura-mid-club-management-nowy/KSB-node-typescript/wandalmt/src/models/discount.ts", "TypeScript", 231, 0, 184, 66, 481
"/home/monia/Dokumenty/dokumenty-obrazy/Dokumenty/JAVA-NINJA-CODE-UDEMY/REACT/learning-firebase/fireclub-typescript/struktura-mid-club-management-nowy/KSB-node-typescript/wandalmt/src/models/order.ts", "TypeScript", 140, 0, 15, 16, 171
"/home/monia/Dokumenty/dokumenty-obrazy/Dokumenty/JAVA-NINJA-CODE-UDEMY/REACT/learning-firebase/fireclub-typescript/struktura-mid-club-management-nowy/KSB-node-typescript/wandalmt/src/models/product.ts", "TypeScript", 48, 0, 1, 4, 53
"/home/monia/Dokumenty/dokumenty-obrazy/Dokumenty/JAVA-NINJA-CODE-UDEMY/REACT/learning-firebase/fireclub-typescript/struktura-mid-club-management-nowy/KSB-node-typescript/wandalmt/src/models/progress.ts", "TypeScript", 49, 0, 2, 6, 57
"/home/monia/Dokumenty/dokumenty-obrazy/Dokumenty/JAVA-NINJA-CODE-UDEMY/REACT/learning-firebase/fireclub-typescript/struktura-mid-club-management-nowy/KSB-node-typescript/wandalmt/src/models/purchase.ts", "TypeScript", 0, 0, 61, 10, 71
"/home/monia/Dokumenty/dokumenty-obrazy/Dokumenty/JAVA-NINJA-CODE-UDEMY/REACT/learning-firebase/fireclub-typescript/struktura-mid-club-management-nowy/KSB-node-typescript/wandalmt/src/models/resource.ts", "TypeScript", 83, 0, 2, 10, 95
"/home/monia/Dokumenty/dokumenty-obrazy/Dokumenty/JAVA-NINJA-CODE-UDEMY/REACT/learning-firebase/fireclub-typescript/struktura-mid-club-management-nowy/KSB-node-typescript/wandalmt/src/models/user.ts", "TypeScript", 144, 0, 5, 21, 170
"/home/monia/Dokumenty/dokumenty-obrazy/Dokumenty/JAVA-NINJA-CODE-UDEMY/REACT/learning-firebase/fireclub-typescript/struktura-mid-club-management-nowy/KSB-node-typescript/wandalmt/src/models/video.ts", "TypeScript", 49, 0, 21, 16, 86
"/home/monia/Dokumenty/dokumenty-obrazy/Dokumenty/JAVA-NINJA-CODE-UDEMY/REACT/learning-firebase/fireclub-typescript/struktura-mid-club-management-nowy/KSB-node-typescript/wandalmt/src/routes/admin/discount.ts", "TypeScript", 310, 0, 15, 45, 370
"/home/monia/Dokumenty/dokumenty-obrazy/Dokumenty/JAVA-NINJA-CODE-UDEMY/REACT/learning-firebase/fireclub-typescript/struktura-mid-club-management-nowy/KSB-node-typescript/wandalmt/src/routes/admin/index.ts", "TypeScript", 9, 0, 1, 4, 14
"/home/monia/Dokumenty/dokumenty-obrazy/Dokumenty/JAVA-NINJA-CODE-UDEMY/REACT/learning-firebase/fireclub-typescript/struktura-mid-club-management-nowy/KSB-node-typescript/wandalmt/src/routes/admin/products.ts", "TypeScript", 31, 0, 4, 12, 47
"/home/monia/Dokumenty/dokumenty-obrazy/Dokumenty/JAVA-NINJA-CODE-UDEMY/REACT/learning-firebase/fireclub-typescript/struktura-mid-club-management-nowy/KSB-node-typescript/wandalmt/src/routes/admin/resources.ts", "TypeScript", 32, 0, 30, 12, 74
"/home/monia/Dokumenty/dokumenty-obrazy/Dokumenty/JAVA-NINJA-CODE-UDEMY/REACT/learning-firebase/fireclub-typescript/struktura-mid-club-management-nowy/KSB-node-typescript/wandalmt/src/routes/admin/users.ts", "TypeScript", 12, 0, 0, 7, 19
"/home/monia/Dokumenty/dokumenty-obrazy/Dokumenty/JAVA-NINJA-CODE-UDEMY/REACT/learning-firebase/fireclub-typescript/struktura-mid-club-management-nowy/KSB-node-typescript/wandalmt/src/routes/bunny.ts", "TypeScript", 206, 0, 35, 41, 282
"/home/monia/Dokumenty/dokumenty-obrazy/Dokumenty/JAVA-NINJA-CODE-UDEMY/REACT/learning-firebase/fireclub-typescript/struktura-mid-club-management-nowy/KSB-node-typescript/wandalmt/src/routes/email.ts", "TypeScript", 32, 0, 9, 12, 53
"/home/monia/Dokumenty/dokumenty-obrazy/Dokumenty/JAVA-NINJA-CODE-UDEMY/REACT/learning-firebase/fireclub-typescript/struktura-mid-club-management-nowy/KSB-node-typescript/wandalmt/src/routes/order/orders.ts", "TypeScript", 508, 0, 35, 73, 616
"/home/monia/Dokumenty/dokumenty-obrazy/Dokumenty/JAVA-NINJA-CODE-UDEMY/REACT/learning-firebase/fireclub-typescript/struktura-mid-club-management-nowy/KSB-node-typescript/wandalmt/src/routes/progress.ts", "TypeScript", 85, 0, 4, 14, 103
"/home/monia/Dokumenty/dokumenty-obrazy/Dokumenty/JAVA-NINJA-CODE-UDEMY/REACT/learning-firebase/fireclub-typescript/struktura-mid-club-management-nowy/KSB-node-typescript/wandalmt/src/routes/public/auth.ts", "TypeScript", 234, 0, 37, 43, 314
"/home/monia/Dokumenty/dokumenty-obrazy/Dokumenty/JAVA-NINJA-CODE-UDEMY/REACT/learning-firebase/fireclub-typescript/struktura-mid-club-management-nowy/KSB-node-typescript/wandalmt/src/routes/public/cart-checkout.ts", "TypeScript", 671, 0, 86, 109, 866
"/home/monia/Dokumenty/dokumenty-obrazy/Dokumenty/JAVA-NINJA-CODE-UDEMY/REACT/learning-firebase/fireclub-typescript/struktura-mid-club-management-nowy/KSB-node-typescript/wandalmt/src/routes/public/checkout.ts", "TypeScript", 0, 0, 536, 71, 607
"/home/monia/Dokumenty/dokumenty-obrazy/Dokumenty/JAVA-NINJA-CODE-UDEMY/REACT/learning-firebase/fireclub-typescript/struktura-mid-club-management-nowy/KSB-node-typescript/wandalmt/src/routes/public/discount-public.ts", "TypeScript", 210, 0, 17, 29, 256
"/home/monia/Dokumenty/dokumenty-obrazy/Dokumenty/JAVA-NINJA-CODE-UDEMY/REACT/learning-firebase/fireclub-typescript/struktura-mid-club-management-nowy/KSB-node-typescript/wandalmt/src/routes/public/products.ts", "TypeScript", 7, 0, 2, 5, 14
"/home/monia/Dokumenty/dokumenty-obrazy/Dokumenty/JAVA-NINJA-CODE-UDEMY/REACT/learning-firebase/fireclub-typescript/struktura-mid-club-management-nowy/KSB-node-typescript/wandalmt/src/routes/public/resources.ts", "TypeScript", 5, 0, 0, 3, 8
"/home/monia/Dokumenty/dokumenty-obrazy/Dokumenty/JAVA-NINJA-CODE-UDEMY/REACT/learning-firebase/fireclub-typescript/struktura-mid-club-management-nowy/KSB-node-typescript/wandalmt/src/routes/public/user.ts", "TypeScript", 21, 0, 3, 7, 31
"/home/monia/Dokumenty/dokumenty-obrazy/Dokumenty/JAVA-NINJA-CODE-UDEMY/REACT/learning-firebase/fireclub-typescript/struktura-mid-club-management-nowy/KSB-node-typescript/wandalmt/src/routes/stripe.ts", "TypeScript", 133, 0, 119, 44, 296
"/home/monia/Dokumenty/dokumenty-obrazy/Dokumenty/JAVA-NINJA-CODE-UDEMY/REACT/learning-firebase/fireclub-typescript/struktura-mid-club-management-nowy/KSB-node-typescript/wandalmt/src/routes/upload.ts", "TypeScript", 87, 0, 13, 22, 122
"/home/monia/Dokumenty/dokumenty-obrazy/Dokumenty/JAVA-NINJA-CODE-UDEMY/REACT/learning-firebase/fireclub-typescript/struktura-mid-club-management-nowy/KSB-node-typescript/wandalmt/src/services/emailService.ts", "TypeScript", 0, 0, 190, 26, 216
"/home/monia/Dokumenty/dokumenty-obrazy/Dokumenty/JAVA-NINJA-CODE-UDEMY/REACT/learning-firebase/fireclub-typescript/struktura-mid-club-management-nowy/KSB-node-typescript/wandalmt/src/utils/b2Uploader.ts", "TypeScript", 60, 0, 20, 9, 89
"/home/monia/Dokumenty/dokumenty-obrazy/Dokumenty/JAVA-NINJA-CODE-UDEMY/REACT/learning-firebase/fireclub-typescript/struktura-mid-club-management-nowy/KSB-node-typescript/wandalmt/src/utils/invoice-fixer.ts", "TypeScript", 58, 0, 3, 10, 71
"/home/monia/Dokumenty/dokumenty-obrazy/Dokumenty/JAVA-NINJA-CODE-UDEMY/REACT/learning-firebase/fireclub-typescript/struktura-mid-club-management-nowy/KSB-node-typescript/wandalmt/src/utils/mailgunClient.ts", "TypeScript", 8, 0, 3, 3, 14
"Total", "-", 5161, 37, 2165, 1119, 8482